"driver_id","constructor_id","round","grid","position","status","pos_gained","round_points","accumulated_points","PI","PI_adj"
"hamilton","mercedes",1,"2","1","Finished",1,24.2612263885053,24.2612263885053,13.2850493277645,32.5938529727384
"max_verstappen","red_bull",1,"1","2","Finished",-1,21.2700612052228,21.2700612052228,11.6471363727036,18.2306399064984
"bottas","mercedes",1,"3","3","Finished",0,18.6476766025428,18.6476766025428,10.2111616101301,32.5323752183857
"norris","mclaren",1,"7","4","Finished",3,16.3486056442394,16.3486056442394,8.95222809209647,11.5757054714562
"perez","red_bull",1,"0","5","Finished",-5,14.3329870099961,14.3329870099961,7.84850841391196,18.1546673473226
"leclerc","ferrari",1,"4","6","Finished",-2,12.5658738793486,12.5658738793486,6.88086627033442,7.52852118263179
"ricciardo","mclaren",1,"6","7","Finished",-1,11.0166280232844,11.0166280232844,6.03252467007638,11.5173114030158
"sainz","ferrari",1,"8","8","Finished",0,9.65838859825537,9.65838859825537,5.28877505612552,7.49667935834761
"tsunoda","alphatauri",1,"13","9","Finished",4,8.46760643254417,8.46760643254417,4.63672228860381,6.12957958106281
"stroll","aston_martin",1,"10","10","Finished",0,7.42363573043798,7.42363573043798,4.06506106867501,0.0813012213735002
"raikkonen","alfa",1,"14","11","Finished",3,6.5083761151706,6.5083761151706,3.56387992713557,0.522630505854168
"giovinazzi","alfa",1,"12","12","+1 Lap",0,5.70595880436931,5.70595880436931,3.12448937924068,0.51384269489627
"ocon","alpine",1,"16","13","+1 Lap",3,5.00247147691252,5.00247147691252,2.73927126631179,0.0547854253262357
"russell","williams",1,"15","14","+1 Lap",1,4.3857170609365,4.3857170609365,2.40154667200851,0.217288273681966
"vettel","aston_martin",1,"20","15","+1 Lap",5,3.84500226085464,3.84500226085464,2.10546012319565,0.0421092024639131
"mick_schumacher","haas",1,"18","16","+1 Lap",2,3.37095215686815,3.37095215686815,1.84587806767861,0.206174901595368
"gasly","alphatauri",1,"5","17","Retired",-12,2.9553476624922,2.9553476624922,1.61829986861276,3.52583326749143
"latifi","williams",1,"17","18","Retired",-1,2.59098302193428,2.59098302193428,1.41877977240696,0.895431128099665
"alonso","alpine",1,"9","19","Brakes",-10,2.27154087661232,2.27154087661232,1.24385849719971,0.721437928375832
"mazepin","haas",1,"19","20","Accident",-1,1.99148273471456,1.99148273471456,1.09050325578798,0.705030748460655
"max_verstappen","red_bull",2,"3","1","Finished",2,24.2612263885053,45.5312875937282,12.4660928502341,12.5813837913593
"hamilton","mercedes",2,"1","2","Finished",-1,21.2700612052228,45.5312875937282,12.4660928502341,12.8686480526841
"norris","mclaren",2,"7","3","Finished",4,18.6476766025428,34.9962822467822,9.5816948511133,9.62157506352016
"leclerc","ferrari",2,"4","4","Finished",0,16.3486056442394,28.9144795235879,7.91654718121544,7.90878666124377
"sainz","ferrari",2,"11","5","Finished",6,14.3329870099961,23.9913756082515,6.56864173501874,6.58720248748532
"ricciardo","mclaren",2,"6","6","Finished",0,12.5658738793486,23.582501902633,6.4566954702054,6.55790778886161
"gasly","alphatauri",2,"5","7","Finished",-2,11.0166280232844,13.9719756857766,3.82541226934457,3.8194206893075
"stroll","aston_martin",2,"10","8","Finished",2,9.65838859825537,17.0820243286934,4.67691806240026,4.58500572557973
"ocon","alpine",2,"9","9","Finished",0,8.46760643254417,13.4700779094567,3.6879967774578,3.61533255041517
"alonso","alpine",2,"15","10","Finished",5,7.42363573043798,9.6951766070503,2.65445978293736,2.61579934584613
"perez","red_bull",2,"2","11","Finished",-9,6.5083761151706,20.8413631251667,5.70619417052377,5.95516363405974
"tsunoda","alphatauri",2,"20","12","Finished",8,5.70595880436931,14.1735652369135,3.88060583392224,3.92558530886505
"raikkonen","alfa",2,"16","13","Finished",3,5.00247147691252,11.5108475920831,3.15157559672368,3.09899669490629
"giovinazzi","alfa",2,"17","14","+1 Lap",3,4.3857170609365,10.0916758653058,2.76301802562459,2.71803451901003
"vettel","aston_martin",2,"0","15","Gearbox",-15,3.84500226085464,7.69000452170929,2.10546012319565,1.89912503112248
"mick_schumacher","haas",2,"18","16","+2 Laps",2,3.37095215686815,6.74190431373629,1.84587806767861,1.81308400435695
"mazepin","haas",2,"19","17","+2 Laps",2,2.9553476624922,4.94683039720676,1.35440156220037,1.34141414592557
"bottas","mercedes",2,"8","18","Collision",-10,2.59098302193428,21.2386596244771,5.81497069126855,8.48671114398026
"russell","williams",2,"12","19","Collision",-7,2.27154087661232,6.65725793754883,1.82270258460411,1.66216115351189
"latifi","williams",2,"14","20","Collision",-6,1.99148273471456,4.58246575664884,1.25464151409747,1.21872047549769
"hamilton","mercedes",3,"2","1","Finished",1,24.2612263885053,69.7925139822335,12.7390783427442,12.741669736943
"max_verstappen","red_bull",3,"3","2","Finished",1,21.2700612052228,66.801348798951,12.1931073577239,12.2008728863966
"bottas","mercedes",3,"1","3","Finished",-2,18.6476766025428,39.8863362270199,7.28036766422241,7.30449453381757
"perez","red_bull",3,"4","4","Finished",0,16.3486056442394,37.1899687694061,6.78820547771467,6.77154464084157
"norris","mclaren",3,"7","5","Finished",2,14.3329870099961,49.3292692567783,9.00396603871285,9.016318219209
"leclerc","ferrari",3,"8","6","Finished",2,12.5658738793486,41.4803534029365,7.57132021092177,7.57806953992821
"ocon","alpine",3,"6","7","Finished",-1,11.0166280232844,24.4867059327411,4.46950607499732,4.45242260450568
"alonso","alpine",3,"13","8","Finished",5,9.65838859825537,19.3535652053057,3.53256487400008,3.514229563437
"ricciardo","mclaren",3,"16","9","Finished",7,8.46760643254417,32.0501083351771,5.85003774300487,5.864195143922
"gasly","alphatauri",3,"9","10","Finished",-1,7.42363573043798,21.3956114162146,3.90529520245471,3.90357771219177
"sainz","ferrari",3,"5","11","Finished",-6,6.5083761151706,30.4997517234221,5.56705446572435,5.58745742615957
"giovinazzi","alfa",3,"12","12","+1 Lap",0,5.70595880436931,15.7976346696751,2.88350847682996,2.88019899767356
"vettel","aston_martin",3,"10","13","+1 Lap",-3,5.00247147691252,12.6924759986218,2.31673050423436,2.30837839477213
"stroll","aston_martin",3,"17","14","+1 Lap",3,4.3857170609365,21.4677413896299,3.91846093226968,3.93179182813588
"tsunoda","alphatauri",3,"14","15","+1 Lap",-1,3.84500226085464,18.0185674977681,3.28889059701338,3.30162449125041
"russell","williams",3,"11","16","+1 Lap",-5,3.37095215686815,10.028210094417,1.83042774562894,1.8270624137866
"mick_schumacher","haas",3,"19","17","+2 Laps",2,2.9553476624922,9.69725197622849,1.77001866798999,1.77087997471733
"latifi","williams",3,"18","18","+2 Laps",0,2.59098302193428,7.17344877858312,1.3093542668673,1.30754159103991
"mazepin","haas",3,"20","19","+2 Laps",1,2.27154087661232,7.21837127381908,1.31755387386681,1.31803107930799
"raikkonen","alfa",3,"15","20","Collision damage",-5,1.99148273471456,13.5023303267977,2.46455148307844,2.52799600426123
"hamilton","mercedes",4,"1","1","Finished",0,24.2612263885053,94.0537403707388,12.8755710889993,12.8728930619582
"max_verstappen","red_bull",4,"2","2","Finished",0,21.2700612052228,88.0714100041738,12.0566146114688,12.0594997769674
"bottas","mercedes",4,"3","3","Finished",0,18.6476766025428,58.5340128295627,8.01306615069934,7.9988947183617
"leclerc","ferrari",4,"4","4","Finished",0,16.3486056442394,57.8289590471759,7.91654718121544,7.9097776283897
"perez","red_bull",4,"8","5","Finished",3,14.3329870099961,51.5229557794022,7.05328121176399,7.04764648034554
"ricciardo","mclaren",4,"7","6","Finished",1,12.5658738793486,44.6159822145257,6.10774487483726,6.10287388021895
"sainz","ferrari",4,"6","7","Finished",-1,11.0166280232844,41.5163797467065,5.68342201681236,5.6815027249993
"norris","mclaren",4,"9","8","+1 Lap",1,9.65838859825537,58.9876578550337,8.07516829306602,8.09399129158888
"ocon","alpine",4,"5","9","+1 Lap",-4,8.46760643254417,32.9543123652853,4.51131012839894,4.51013237792108
"gasly","alphatauri",4,"12","10","+1 Lap",2,7.42363573043798,28.8192471466526,3.94523666900979,3.94440348987343
"stroll","aston_martin",4,"11","11","+1 Lap",0,6.5083761151706,27.9761175048005,3.82981568098615,3.83185520392915
"raikkonen","alfa",4,"17","12","+1 Lap",5,5.70595880436931,19.208289131167,2.629535957119,2.62750515806185
"vettel","aston_martin",4,"13","13","+1 Lap",0,5.00247147691252,17.6949474755343,2.42236569475372,2.42008594875409
"russell","williams",4,"15","14","+1 Lap",1,4.3857170609365,14.4139271553535,1.97320747722383,1.97028457595509
"giovinazzi","alfa",4,"14","15","+1 Lap",-1,3.84500226085464,19.6426369305298,2.68899638842138,2.69282044060642
"latifi","williams",4,"19","16","+1 Lap",3,3.37095215686815,10.5444009354513,1.44348521707013,1.44076634454952
"alonso","alpine",4,"10","17","+1 Lap",-7,2.9553476624922,22.3089128677979,3.05399862265325,3.06320324146892
"mick_schumacher","haas",4,"18","18","+2 Laps",0,2.59098302193428,12.2882349981628,1.68220894409423,1.6839823647067
"mazepin","haas",4,"20","19","+2 Laps",1,2.27154087661232,9.4899121504314,1.29913002970004,1.2995080506922
"tsunoda","alphatauri",4,"16","20","Electrical",-4,1.99148273471456,20.0100502324827,2.73929376170703,2.79552683466137
"max_verstappen","red_bull",5,"2","1","Finished",1,24.2612263885053,112.332636392679,12.302301554728,12.2974455191727
"sainz","ferrari",5,"4","2","Finished",2,21.2700612052228,62.7864409519294,6.8761648879906,6.85227164473077
"norris","mclaren",5,"5","3","Finished",2,18.6476766025428,77.6353344575765,8.50236695647884,8.49419944318104
"perez","red_bull",5,"9","4","Finished",5,16.3486056442394,67.8715614236416,7.43307058783049,7.42536210568079
"vettel","aston_martin",5,"8","5","Finished",3,14.3329870099961,32.0279344855305,3.50759423858537,3.48584407278874
"gasly","alphatauri",5,"6","6","Finished",0,12.5658738793486,41.3851210260011,4.53236258927471,4.52060340728669
"hamilton","mercedes",5,"7","7","Finished",0,11.0166280232844,105.070368394023,11.5069618052147,11.5342804303496
"stroll","aston_martin",5,"13","8","+1 Lap",5,9.65838859825537,37.6345061030558,4.12160755601402,4.11581250897233
"ocon","alpine",5,"11","9","+1 Lap",2,8.46760643254417,41.4219187978294,4.53639256043992,4.53586735678954
"giovinazzi","alfa",5,"10","10","+1 Lap",0,7.42363573043798,27.0662726609678,2.96420932447211,2.95878154679479
"raikkonen","alfa",5,"14","11","+1 Lap",3,6.5083761151706,25.7166652463376,2.81640475112232,2.81262675926111
"ricciardo","mclaren",5,"12","12","+1 Lap",0,5.70595880436931,50.321941018895,5.51109377571794,5.52292937780796
"alonso","alpine",5,"17","13","+1 Lap",4,5.00247147691252,27.3113843447104,2.99105315138496,2.99249615318663
"russell","williams",5,"15","14","+1 Lap",1,4.3857170609365,18.79964421629,2.05887531618077,2.05710350137625
"latifi","williams",5,"18","15","+1 Lap",3,3.84500226085464,14.3894031963059,1.57588019829523,1.57317792122032
"tsunoda","alphatauri",5,"16","16","+1 Lap",0,3.37095215686815,23.3810023893508,2.56061062290135,2.56530894713655
"mazepin","haas",5,"19","17","+3 Laps",2,2.9553476624922,12.4452598129236,1.36296399748258,1.35661840280354
"mick_schumacher","haas",5,"20","18","+3 Laps",2,2.59098302193428,14.8792180200971,1.62952310975678,1.63496903525177
"bottas","mercedes",5,"3","19","Wheel nut",-16,2.27154087661232,60.805553706175,6.65922461999941,6.79319162983564
"leclerc","ferrari",5,"1","20","Driveshaft",-19,1.99148273471456,59.8204417818904,6.55133839612995,6.68718231935592
"perez","red_bull",6,"6","1","Finished",5,24.2612263885053,92.1327878121469,8.40840037781949,8.38873961237672
"vettel","aston_martin",6,"11","2","Finished",9,21.2700612052228,53.2979956907533,4.86418459427173,4.83661778384207
"gasly","alphatauri",6,"4","3","Finished",1,18.6476766025428,60.032797628544,5.47882909275062,5.45966457904134
"leclerc","ferrari",6,"1","4","Finished",-3,16.3486056442394,76.1690474261298,6.95148667879104,6.94620059160233
"norris","mclaren",6,"9","5","Finished",4,14.3329870099961,91.9683214675726,8.39339053271769,8.39540671092696
"alonso","alpine",6,"8","6","Finished",2,12.5658738793486,39.877258224059,3.63935533787653,3.62641815418273
"tsunoda","alphatauri",6,"7","7","Finished",0,11.0166280232844,34.3976304126352,3.13926296409719,3.12778388375797
"sainz","ferrari",6,"5","8","Finished",-3,9.65838859825537,72.4448295501847,6.61159991601308,6.61641335058744
"ricciardo","mclaren",6,"13","9","Finished",4,8.46760643254417,58.7895474514392,5.36536519453225,5.36851647819777
"raikkonen","alfa",6,"14","10","Finished",4,7.42363573043798,33.1403009767756,3.0245141373811,3.0202763898187
"giovinazzi","alfa",6,"20","11","Finished",9,6.5083761151706,33.5746487761384,3.06415442491602,3.06204696735359
"bottas","mercedes",6,"10","12","Finished",-2,5.70595880436931,66.5115125105443,6.07010207987296,6.08456387087221
"mick_schumacher","haas",6,"17","13","Finished",4,5.00247147691252,19.8816894970096,1.81448113584928,1.81089089383733
"mazepin","haas",6,"18","14","Finished",4,4.3857170609365,16.8309768738601,1.53606110990357,1.53247225576157
"hamilton","mercedes",6,"2","15","Finished",-13,3.84500226085464,108.915370654878,9.94004485821153,9.97192956965429
"latifi","williams",6,"16","16","Finished",0,3.37095215686815,17.7603553531741,1.62087984319246,1.61992580475302
"russell","williams",6,"15","17","Gearbox",-2,2.9553476624922,21.7549918787822,1.98544607491943,1.99261181756511
"max_verstappen","red_bull",6,"3","18","Accident",-15,2.59098302193428,114.923619414613,10.4883812576745,10.6692876838243
"stroll","aston_martin",6,"19","19","Accident",0,2.27154087661232,39.9060469796682,3.6419827128783,3.68936569248771
"ocon","alpine",6,"12","20","Turbo",-8,1.99148273471456,43.413401532544,3.96207767633126,4.01945664437709
"max_verstappen","red_bull",7,"1","1","Finished",0,24.2612263885053,139.184845803119,10.8879052676873,10.8835329160101
"hamilton","mercedes",7,"2","2","Finished",0,21.2700612052228,130.185431860101,10.1839150745675,10.1796753644693
"perez","red_bull",7,"4","3","Finished",1,18.6476766025428,110.78046441469,8.66593769672101,8.66039373503413
"bottas","mercedes",7,"3","4","Finished",-1,16.3486056442394,82.8601181547837,6.48183436733346,6.47388895740423
"norris","mclaren",7,"8","5","Finished",3,14.3329870099961,106.301308477569,8.31555023003116,8.31714735964908
"ricciardo","mclaren",7,"10","6","Finished",4,12.5658738793486,71.3554213307878,5.58186534821828,5.57759837081786
"gasly","alphatauri",7,"6","7","Finished",-1,11.0166280232844,71.0494256518284,5.55792846094001,5.55596318330204
"alonso","alpine",7,"9","8","Finished",1,9.65838859825537,49.5356468223143,3.87498672619782,3.87001535475751
"vettel","aston_martin",7,"12","9","Finished",3,8.46760643254417,61.7656021232975,4.83168997917632,4.83178853526963
"stroll","aston_martin",7,"19","10","Finished",9,7.42363573043798,47.3296827101061,3.70242247799212,3.70216134228203
"sainz","ferrari",7,"5","11","Finished",-6,6.5083761151706,78.9532056653553,6.17621134617344,6.18501538626172
"russell","williams",7,"14","12","+1 Lap",2,5.70595880436931,27.4609506831515,2.14816654696533,2.14505545237732
"tsunoda","alphatauri",7,"0","13","+1 Lap",-13,5.00247147691252,39.4001018895478,3.08212129298499,3.08303454480044
"ocon","alpine",7,"11","14","+1 Lap",-3,4.3857170609365,47.7991185934805,3.73914467571372,3.74475091508699
"giovinazzi","alfa",7,"13","15","+1 Lap",-2,3.84500226085464,37.419651036993,2.92719809609882,2.92989507352392
"leclerc","ferrari",7,"7","16","+1 Lap",-9,3.37095215686815,79.5399995829979,6.22211402006069,6.23659575149152
"raikkonen","alfa",7,"17","17","+1 Lap",0,2.9553476624922,36.0956486392678,2.82362638469991,2.82755938480228
"latifi","williams",7,"16","18","+1 Lap",-2,2.59098302193428,20.3513383751083,1.59200840450882,1.5925667525137
"mick_schumacher","haas",7,"15","19","+1 Lap",-4,2.27154087661232,22.1532303736219,1.7329636160422,1.7345221615981
"mazepin","haas",7,"18","20","+1 Lap",-2,1.99148273471456,18.8224596085747,1.47240998788706,1.47361123324455
"max_verstappen","red_bull",8,"1","1","Finished",0,24.2612263885053,163.446072191624,11.187548275197,11.1814679680132
"hamilton","mercedes",8,"2","2","Finished",0,21.2700612052228,151.455493065324,10.3668177368345,10.3630748893872
"bottas","mercedes",8,"5","3","Finished",2,18.6476766025428,101.507794757327,6.94800027268304,6.93851804637747
"perez","red_bull",8,"4","4","Finished",0,16.3486056442394,127.129070058929,8.70172399614295,8.70089739092077
"norris","mclaren",8,"3","5","+1 Lap",-2,14.3329870099961,120.634295487565,8.25717000301626,8.25836955014892
"sainz","ferrari",8,"12","6","+1 Lap",6,12.5658738793486,91.5190795447039,6.26429321169356,6.26270765518493
"leclerc","ferrari",8,"7","7","+1 Lap",0,11.0166280232844,90.5566276062823,6.19841535131265,6.19917895931623
"stroll","aston_martin",8,"9","8","+1 Lap",1,9.65838859825537,56.9880713083615,3.90071655025879,3.89674544609926
"alonso","alpine",8,"8","9","+1 Lap",-1,8.46760643254417,58.0032532548585,3.97020367149856,3.96819990516374
"tsunoda","alphatauri",8,"11","10","+1 Lap",1,7.42363573043798,46.8237376199857,3.20498876494624,3.20254968054332
"raikkonen","alfa",8,"18","11","+1 Lap",7,6.5083761151706,42.6040247544384,2.91615807750436,2.91438610365032
"vettel","aston_martin",8,"14","12","+1 Lap",2,5.70595880436931,67.4715609276668,4.61828990418436,4.62255987680607
"ricciardo","mclaren",8,"13","13","+1 Lap",0,5.00247147691252,76.3578928077003,5.22654108797996,5.23356223363672
"ocon","alpine",8,"17","14","+1 Lap",3,4.3857170609365,52.184835654417,3.57194492525057,3.5754010450473
"giovinazzi","alfa",8,"15","15","+1 Lap",0,3.84500226085464,41.2646532978476,2.82448084948593,2.82658913396669
"mick_schumacher","haas",8,"19","16","+2 Laps",3,3.37095215686815,25.52418253049,1.74707792249675,1.74682680727878
"latifi","williams",8,"16","17","+3 Laps",-1,2.9553476624922,23.3066860376005,1.59529483752181,1.595022029021
"mazepin","haas",8,"20","18","+3 Laps",2,2.59098302193428,21.4134426305089,1.46570621095204,1.46649671318129
"russell","williams",8,"10","19","Engine",-9,2.27154087661232,29.7324915597638,2.03512804074462,2.04612078190789
"gasly","alphatauri",8,"6","20","Collision",-14,1.99148273471456,73.0409083865429,4.99950031029601,5.05514659759661
"max_verstappen","red_bull",9,"1","1","Finished",0,24.2612263885053,187.707298580129,11.4206039477045,11.4158212281107
"bottas","mercedes",9,"5","2","Finished",3,21.2700612052228,122.777855962549,7.47012650601866,7.45949433682583
"norris","mclaren",9,"2","3","Finished",-1,18.6476766025428,139.281972090108,8.47428018158447,8.46996196895576
"hamilton","mercedes",9,"4","4","Finished",0,16.3486056442394,167.804098709563,10.2096411096414,10.2127097852363
"sainz","ferrari",9,"10","5","Finished",5,14.3329870099961,105.8520665547,6.44031712305116,6.43676493369384
"perez","red_bull",9,"3","6","Finished",-3,12.5658738793486,139.694943938278,8.49940647105311,8.50343628945046
"ricciardo","mclaren",9,"13","7","Finished",6,11.0166280232844,87.3745208309847,5.31609481932401,5.31444416761026
"leclerc","ferrari",9,"12","8","Finished",4,9.65838859825537,100.215016204538,6.09734420740297,6.09938090244123
"gasly","alphatauri",9,"6","9","Finished",-3,8.46760643254417,81.5085148190871,4.9591916412191,4.96111074034665
"alonso","alpine",9,"14","10","+1 Lap",4,7.42363573043798,65.4268889852965,3.98074338229595,3.9804925127533
"russell","williams",9,"8","11","+1 Lap",-3,6.5083761151706,36.2408676749344,2.20498936145473,2.20181198986379
"tsunoda","alphatauri",9,"7","12","+1 Lap",-5,5.70595880436931,52.529696424355,3.19604438875673,3.19617449459246
"stroll","aston_martin",9,"9","13","+1 Lap",-4,5.00247147691252,61.990542785274,3.77166707426468,3.77416864170137
"giovinazzi","alfa",9,"15","14","+1 Lap",1,4.3857170609365,45.6503703587841,2.77748816309955,2.77847018251689
"raikkonen","alfa",9,"16","15","+1 Lap",1,3.84500226085464,46.449027015293,2.82608052702562,2.82784663855811
"latifi","williams",9,"18","16","+1 Lap",2,3.37095215686815,26.6776381944687,1.62313741865035,1.62257511085776
"vettel","aston_martin",9,"11","17","Collision",-6,2.9553476624922,70.426908590159,4.28495767800974,4.31871789788937
"mick_schumacher","haas",9,"19","18","+2 Laps",1,2.59098302193428,28.1151655524243,1.71060035026455,1.71132487940484
"mazepin","haas",9,"20","19","+2 Laps",1,2.27154087661232,23.6849835071213,1.44105646497956,1.4415652699436
"ocon","alpine",9,"17","20","Collision",-3,1.99148273471456,54.1763183891316,3.29622918419917,3.32414637028399
"hamilton","mercedes",10,"2","1","Finished",1,24.2612263885053,192.065325098068,10.5171819314537,10.5110924885294
"leclerc","ferrari",10,"4","2","Finished",2,21.2700612052228,121.485077409761,6.65232342393303,6.64126457350319
"bottas","mercedes",10,"3","3","Finished",0,18.6476766025428,141.425532565092,7.7442300164298,7.73853530283772
"norris","mclaren",10,"5","4","Finished",1,16.3486056442394,155.630577734347,8.52207497263567,8.52103271256207
"ricciardo","mclaren",10,"6","5","Finished",1,14.3329870099961,101.707507840981,5.56933617878281,5.56423833855936
"sainz","ferrari",10,"10","6","Finished",4,12.5658738793486,118.417940434049,6.48437203777949,6.48341989569777
"alonso","alpine",10,"7","7","Finished",0,11.0166280232844,76.4435170085809,4.18592151107399,4.18181293110758
"stroll","aston_martin",10,"14","8","Finished",6,9.65838859825537,71.6489313835294,3.92337787245077,3.92039368783578
"ocon","alpine",10,"9","9","Finished",0,8.46760643254417,62.6439248216757,3.43027849463964,3.42815585215252
"tsunoda","alphatauri",10,"16","10","Finished",6,7.42363573043798,59.953332154793,3.28294605674856,3.28121062550544
"gasly","alphatauri",10,"11","11","Finished",0,6.5083761151706,88.0168909342577,4.81966046981074,4.82248947522146
"russell","williams",10,"12","12","+1 Lap",0,5.70595880436931,41.9468264793037,2.29693936323332,2.29503681576593
"giovinazzi","alfa",10,"15","13","+1 Lap",2,5.00247147691252,50.6528418356967,2.77366647342077,2.77376254760269
"latifi","williams",10,"17","14","+1 Lap",3,4.3857170609365,31.0633552554052,1.70097834398616,1.69941027932359
"raikkonen","alfa",10,"13","15","+1 Lap",-2,3.84500226085464,50.2940292761477,2.75401848664262,2.75549504968093
"perez","red_bull",10,"0","16","+1 Lap",-16,3.37095215686815,143.065896095146,7.83405363071566,7.84744128389035
"mazepin","haas",10,"19","17","+1 Lap",2,2.9553476624922,26.6403311696135,1.45878080534288,1.4584364946349
"mick_schumacher","haas",10,"18","18","+1 Lap",0,2.59098302193428,30.7061485743586,1.68141829247879,1.68201642421731
"vettel","aston_martin",10,"8","19","Retired",-11,2.27154087661232,72.6984494667713,3.98084775992874,4.0146347737248
"max_verstappen","red_bull",10,"1","20","Collision",-19,1.99148273471456,189.698781314844,10.3875938785128,10.4904166134726
"ocon","alpine",11,"8","1","Finished",7,24.2612263885053,86.9051512101811,4.32616675219645,4.30820653419557
"hamilton","mercedes",11,"1","2","Finished",-1,21.2700612052228,213.335386303291,10.6199050624764,10.6177288109975
"sainz","ferrari",11,"15","3","Finished",12,18.6476766025428,137.065617036591,6.82317108981137,6.81637606592909
"alonso","alpine",11,"9","4","Finished",5,16.3486056442394,92.7921226528203,4.61922210934876,4.61047392578394
"gasly","alphatauri",11,"5","5","Finished",0,14.3329870099961,102.349877944254,5.09501028291085,5.08955986675707
"tsunoda","alphatauri",11,"16","6","Finished",10,12.5658738793486,72.5192060341416,3.61002971252909,3.60345333078862
"latifi","williams",11,"18","7","Finished",11,11.0166280232844,42.0799832786896,2.09475528272164,2.08684838265367
"russell","williams",11,"17","8","Finished",9,9.65838859825537,51.6052150775591,2.56892442622352,2.56344667401437
"max_verstappen","red_bull",11,"3","9","Finished",-6,8.46760643254417,198.166387747388,9.86478737033928,9.87729995520195
"raikkonen","alfa",11,"13","10","+1 Lap",3,7.42363573043798,57.7176650065856,2.87320417591829,2.87084999339355
"ricciardo","mclaren",11,"11","11","+1 Lap",0,6.5083761151706,108.215883956151,5.3870219740876,5.39056630137704
"mick_schumacher","haas",11,"20","12","+1 Lap",8,5.70595880436931,36.4121073787279,1.81260657309351,1.80999477011599
"giovinazzi","alfa",11,"0","13","+1 Lap",-13,5.00247147691252,55.6553133126092,2.77053963641086,2.7706040946347
"mazepin","haas",11,"19","14","Collision",5,4.3857170609365,31.02604823055,1.54448679322158,1.53588176336291
"norris","mclaren",11,"6","15","Collision",-9,3.84500226085464,159.475579995202,7.9387463499593,7.99697498621958
"bottas","mercedes",11,"2","16","Collision",-14,3.37095215686815,144.79648472196,7.20801620290697,7.26106811290004
"perez","red_bull",11,"4","17","Collision",-13,2.9553476624922,146.021243757638,7.26898510688812,7.32683072458835
"leclerc","ferrari",11,"7","18","Collision",-11,2.59098302193428,124.076060431695,6.17654672833975,6.22301851285609
"stroll","aston_martin",11,"12","19","Collision",-7,2.27154087661232,73.9204722601417,3.6797852019734,3.70384605055964
"vettel","aston_martin",11,"10","20","Disqualified",-10,1.99148273471456,74.6899322014859,3.71808916864321,3.74774372915137
"max_verstappen","red_bull",12,"1",NA,"Finished",NA,24.2612263885053,222.427614135894,10.1498092001247,10.1443590152263
"russell","williams",12,"2",NA,"Finished",NA,21.2700612052228,72.8752762827819,3.32544208843019,3.31020218014188
"hamilton","mercedes",12,"3",NA,"Finished",NA,18.6476766025428,231.983062905834,10.5858431081143,10.5864808221719
"ricciardo","mclaren",12,"4",NA,"Finished",NA,16.3486056442394,124.564489600391,5.68412248392167,5.67825136027078
"vettel","aston_martin",12,"5",NA,"Finished",NA,14.3329870099961,89.022919211482,4.06229077241561,4.05599983155032
"gasly","alphatauri",12,"6",NA,"Finished",NA,12.5658738793486,114.915751823602,5.24383161519615,5.24074618022737
"ocon","alpine",12,"8",NA,"Finished",NA,11.0166280232844,97.9217792334655,4.46836324535311,4.46516011112996
"leclerc","ferrari",12,"9",NA,"Finished",NA,9.65838859825537,133.73444902995,6.10256575565523,6.10497481079925
"latifi","williams",12,"10",NA,"Finished",NA,8.46760643254417,50.5475897112338,2.30658586654515,2.30219111686732
"sainz","ferrari",12,"11",NA,"Finished",NA,7.42363573043798,144.489252767029,6.59332858805,6.59778953760758
"alonso","alpine",12,"12",NA,"Finished",NA,6.5083761151706,99.3004987679909,4.53127692749766,4.53286086746339
"bottas","mercedes",12,"13",NA,"Finished",NA,5.70595880436931,150.50244352633,6.86772230093478,6.87558921717408
"giovinazzi","alfa",12,"14",NA,"Finished",NA,5.00247147691252,60.6577847895217,2.76793393890261,2.76798734201725
"norris","mclaren",12,"15",NA,"Finished",NA,4.3857170609365,163.861297056138,7.4773130434634,7.48770628231853
"tsunoda","alphatauri",12,"16",NA,"Finished",NA,3.84500226085464,76.3642082949962,3.48464891341797,3.48702500176539
"mick_schumacher","haas",12,"17",NA,"Finished",NA,3.37095215686815,39.7830595355961,1.81537919764227,1.81527150909174
"mazepin","haas",12,"18",NA,"Finished",NA,2.9553476624922,33.9813958930422,1.55063788283751,1.55034276044801
"raikkonen","alfa",12,"0",NA,"Finished",NA,2.59098302193428,60.3086480285199,2.75200214229235,2.75437909931437
"perez","red_bull",12,"0",NA,"Finished",NA,2.27154087661232,148.29278463425,6.76689122274742,6.77809001278424
"stroll","aston_martin",12,"19",NA,"Finished",NA,1.99148273471456,75.9119549948563,3.46401170645795,3.46880839333998
"max_verstappen","red_bull",13,"1","1","Finished",0,24.2612263885053,246.688840524399,10.6618248861976,10.6514755687782
"hamilton","mercedes",13,"2","2","Finished",0,21.2700612052228,253.253124111057,10.9455314452601,10.9383504327983
"bottas","mercedes",13,"3","3","Finished",0,18.6476766025428,169.150120128872,7.31062238753744,7.30192172413017
"gasly","alphatauri",13,"4","4","+1 Lap",0,16.3486056442394,131.264357467842,5.67320998447415,5.66456070838921
"leclerc","ferrari",13,"5","5","+1 Lap",0,14.3329870099961,148.067436039946,6.3994344902279,6.39354529663933
"alonso","alpine",13,"9","6","+1 Lap",3,12.5658738793486,111.866372647339,4.83483433334347,4.82879486402587
"sainz","ferrari",13,"6","7","+1 Lap",-1,11.0166280232844,155.505880790314,6.7209220580704,6.71845940766114
"perez","red_bull",13,"0","8","+1 Lap",-8,9.65838859825537,157.951173232506,6.82660693525727,6.82563659680781
"ocon","alpine",13,"8","9","+1 Lap",-1,8.46760643254417,106.38938566601,4.59812043913249,4.59546123257244
"norris","mclaren",13,"13","10","+1 Lap",3,7.42363573043798,171.284932786576,7.40288841251405,7.40458476991014
"ricciardo","mclaren",13,"10","11","+1 Lap",-1,6.5083761151706,131.072865715561,5.66493376279495,5.66520011474447
"stroll","aston_martin",13,"12","12","+2 Laps",0,5.70595880436931,81.6179137992256,3.5275041329567,3.52633021816436
"vettel","aston_martin",13,"15","13","+2 Laps",2,5.00247147691252,94.0253906883945,4.063751924266,4.06359688241169
"giovinazzi","alfa",13,"7","14","+2 Laps",-7,4.3857170609365,65.0435018504582,2.81116253674258,2.81029903284807
"kubica","alfa",13,"16","15","+2 Laps",1,3.84500226085464,3.84500226085464,0.166179956519806,0.454676506441853
"latifi","williams",13,"0","16","+2 Laps",-16,3.37095215686815,53.9185418681019,2.3303447788509,2.32978170561123
"russell","williams",13,"11","17","Gearbox",-6,2.9553476624922,75.8306239452741,3.27737903261842,3.28066134737077
"mick_schumacher","haas",13,"17","18","+3 Laps",-1,2.59098302193428,42.3740425575304,1.83139464480149,1.82978233123051
"tsunoda","alphatauri",13,"14","19","Power Unit",-5,2.27154087661232,78.6357491716086,3.39861578529623,3.40745670694315
"mazepin","haas",13,"18","20","Hydraulics",-2,1.99148273471456,35.9728786277567,1.55473807313812,1.55429854186911
"ricciardo","mclaren",14,"2","1","Finished",1,24.2612263885053,155.334092104067,6.22237703233841,6.21123349398653
"norris","mclaren",14,"3","2","Finished",1,21.2700612052228,192.554993991799,7.71337287164189,7.70719710960725
"bottas","mercedes",14,"19","3","Finished",16,18.6476766025428,187.797796731415,7.52280894217633,7.51839119781541
"leclerc","ferrari",14,"5","4","Finished",1,16.3486056442394,164.416041684186,6.58618200078234,6.58232926669948
"perez","red_bull",14,"8","5","Finished",3,14.3329870099961,172.284160242502,6.90136329512552,6.89984876115917
"sainz","ferrari",14,"6","6","Finished",0,12.5658738793486,168.071754669662,6.73262264500623,6.73233938025933
"stroll","aston_martin",14,"9","7","Finished",2,11.0166280232844,92.63454182251,3.71075684435978,3.70706831183587
"alonso","alpine",14,"10","8","Finished",2,9.65838859825537,121.524761245595,4.86804199253565,4.86725704996546
"russell","williams",14,"14","9","Finished",5,8.46760643254417,84.2982303778183,3.37682066740567,3.37489748100497
"ocon","alpine",14,"12","10","Finished",2,7.42363573043798,113.813021396448,4.5591249205219,4.55985164676292
"latifi","williams",14,"13","11","Finished",2,6.5083761151706,60.4269179832725,2.42058302527825,2.41876699888491
"vettel","aston_martin",14,"11","12","Finished",-1,5.70595880436931,99.7313494927638,3.99504094743179,3.99641206613139
"giovinazzi","alfa",14,"7","13","Finished",-6,5.00247147691252,70.0459733273707,2.8059033901458,2.80599130299984
"kubica","alfa",14,"17","14","Finished",3,4.3857170609365,8.23071932179115,0.329706364995688,0.332205767824611
"mick_schumacher","haas",14,"18","15","Finished",3,3.84500226085464,46.219044818385,1.85144367884073,1.85101045188853
"mazepin","haas",14,"16","16","Power Unit",0,3.37095215686815,39.3438307846249,1.57603617932402,1.57386241557853
"hamilton","mercedes",14,"4","17","Collision",-13,2.9553476624922,256.208471773549,10.2632055118087,10.3307200039076
"max_verstappen","red_bull",14,"1","18","Collision",-17,2.59098302193428,249.279823546333,9.98565754400457,10.0522393464819
"gasly","alphatauri",14,"0","19","Suspension",-19,2.27154087661232,133.535898344454,5.34918442948465,5.3807220573751
"tsunoda","alphatauri",14,"0","20","Brakes",-20,1.99148273471456,80.6272319063231,3.22976771679211,3.24753661580722
"hamilton","mercedes",15,"4","1","Finished",3,24.2612263885053,280.469698162054,10.2695635194742,10.2707866491628
"max_verstappen","red_bull",15,"20","2","Finished",18,21.2700612052228,270.549884751556,9.90634369719738,9.90926161018307
"sainz","ferrari",15,"2","3","Finished",-1,18.6476766025428,186.719431272205,6.83684216988768,6.83475211409511
"ricciardo","mclaren",15,"5","4","Finished",1,16.3486056442394,171.682697748306,6.28626329787041,6.28476270179273
"bottas","mercedes",15,"16","5","Finished",11,14.3329870099961,202.130783741411,7.40113793567151,7.40348300091439
"alonso","alpine",15,"6","6","Finished",0,12.5658738793486,134.090635124943,4.90980773968168,4.90895672588736
"norris","mclaren",15,"1","7","Finished",-6,11.0166280232844,203.571622015083,7.4538950793834,7.45896111998788
"raikkonen","alfa",15,"13","8","Finished",5,9.65838859825537,69.9670366267753,2.56188433765447,2.56573423288767
"perez","red_bull",15,"8","9","Finished",-1,8.46760643254417,180.751766675046,6.61833260880121,6.62396293184837
"russell","williams",15,"3","10","Finished",-7,7.42363573043798,91.7218661082563,3.35845025789271,3.35877920235496
"stroll","aston_martin",15,"7","11","Finished",-4,6.5083761151706,99.1429179376806,3.63017645021581,3.63171428744821
"vettel","aston_martin",15,"10","12","+1 Lap",-2,5.70595880436931,105.437308297133,3.86064926790827,3.86336452387273
"gasly","alphatauri",15,"11","13","+1 Lap",-2,5.00247147691252,138.538369821367,5.0726641704548,5.07882532819321
"ocon","alpine",15,"9","14","+1 Lap",-5,4.3857170609365,118.198738457384,4.32791656447843,4.33255526612412
"leclerc","ferrari",15,"19","15","+1 Lap",4,3.84500226085464,168.26104394504,6.16097742454949,6.16940446139249
"giovinazzi","alfa",15,"17","16","+1 Lap",1,3.37095215686815,73.4169254842389,2.68820405414797,2.69055979912501
"tsunoda","alphatauri",15,"12","17","+1 Lap",-5,2.9553476624922,83.5825795688153,3.06042547779082,3.06416770055115
"mazepin","haas",15,"15","18","+2 Laps",-3,2.59098302193428,41.9348138065592,1.53546795566825,1.53623584486646
"latifi","williams",15,"18","19","Accident",-1,2.27154087661232,62.6984588598848,2.29574107311475,2.30804366569177
"mick_schumacher","haas",15,"14","20","Oil leak",-6,1.99148273471456,48.2105275530996,1.7652569181568,1.77383227152997
"bottas","mercedes",16,"1","1","Finished",0,24.2612263885053,226.392010129917,7.76992121564533,7.76259245135071
"max_verstappen","red_bull",16,"2","2","Finished",0,21.2700612052228,291.819945956779,10.0154505803313,10.0133268009284
"perez","red_bull",16,"6","3","Finished",3,18.6476766025428,199.399443277589,6.84351874353391,6.8391276273002
"leclerc","ferrari",16,"3","4","Finished",-1,16.3486056442394,184.60964958928,6.33592339293887,6.33259301430795
"hamilton","mercedes",16,"11","5","Finished",6,14.3329870099961,294.80268517205,10.1178201325791,10.1208794629108
"gasly","alphatauri",16,"4","6","Finished",-2,12.5658738793486,151.104243700715,5.18599604389961,5.18385262958548
"norris","mclaren",16,"7","7","Finished",0,11.0166280232844,214.588250038368,7.36480848261609,7.36669153536353
"sainz","ferrari",16,"19","8","Finished",11,9.65838859825537,196.377819870461,6.73981466049996,6.74171340957186
"stroll","aston_martin",16,"8","9","Finished",-1,8.46760643254417,107.610524370225,3.69326327307713,3.69203229336456
"ocon","alpine",16,"12","10","+1 Lap",2,7.42363573043798,125.622374187822,4.31144168825378,4.31186395981119
"giovinazzi","alfa",16,"16","11","+1 Lap",5,6.5083761151706,79.9253015994095,2.74308839878108,2.74203782678796
"raikkonen","alfa",16,"17","12","+1 Lap",5,5.70595880436931,75.6729954311446,2.5971464819561,2.59651823697473
"ricciardo","mclaren",16,"20","13","+1 Lap",7,5.00247147691252,176.685169225219,6.06395006636984,6.0683663190783
"tsunoda","alphatauri",16,"9","14","+1 Lap",-5,4.3857170609365,87.9682966297518,3.01912922587442,3.02002999536796
"russell","williams",16,"13","15","+1 Lap",-2,3.84500226085464,95.5668683691109,3.27991715620981,3.28149439713272
"alonso","alpine",16,"5","16","+1 Lap",-11,3.37095215686815,137.461587281812,4.71777119141401,4.72159490210347
"latifi","williams",16,"15","17","+1 Lap",-2,2.9553476624922,65.653806522377,2.25328139404457,2.25437663947751
"vettel","aston_martin",16,"10","18","+1 Lap",-8,2.59098302193428,108.028291319067,3.70760130681404,3.71071657115521
"mick_schumacher","haas",16,"14","19","+2 Laps",-5,2.27154087661232,50.4820684297119,1.73257746276729,1.73340255894254
"mazepin","haas",16,"18","20","+2 Laps",-2,1.99148273471456,43.9262965412737,1.50757910239372,1.50815223724318
"max_verstappen","red_bull",17,"1","1","Finished",0,24.2612263885053,316.081172345284,10.20829117363,10.2043918861759
"hamilton","mercedes",17,"2","2","Finished",0,21.2700612052228,316.072746377273,10.2080190450048,10.2062762533629
"perez","red_bull",17,"3","3","Finished",0,18.6476766025428,218.047119880132,7.04214196876062,7.03808168193141
"leclerc","ferrari",17,"4","4","Finished",0,16.3486056442394,200.958255233519,6.49023277137,6.48707997622876
"ricciardo","mclaren",17,"6","5","Finished",1,14.3329870099961,191.018156235215,6.16920313168443,6.16718639543231
"bottas","mercedes",17,"9","6","Finished",3,12.5658738793486,238.957884009265,7.71748484764652,7.7183869997206
"sainz","ferrari",17,"5","7","Finished",-2,11.0166280232844,207.394447893745,6.69809877059312,6.69897106337269
"norris","mclaren",17,"7","8","Finished",-1,9.65838859825537,224.246638636623,7.24236424752866,7.24485079328536
"tsunoda","alphatauri",17,"10","9","+1 Lap",1,8.46760643254417,96.435903062296,3.11453469609532,3.11264460208077
"vettel","aston_martin",17,"18","10","+1 Lap",8,7.42363573043798,115.451927049505,3.72868424630678,3.72832489280374
"giovinazzi","alfa",17,"12","11","+1 Lap",1,6.5083761151706,86.4336777145801,2.79149859756362,2.79050938214811
"stroll","aston_martin",17,"13","12","+1 Lap",1,5.70595880436931,113.316483174594,3.659717048108,3.66036335301313
"raikkonen","alfa",17,"15","13","+1 Lap",2,5.00247147691252,80.6754669080571,2.60552898692222,2.60534877192327
"russell","williams",17,"20","14","+1 Lap",6,4.3857170609365,99.9525854300474,3.22811095661349,3.22917862542388
"latifi","williams",17,"14","15","+1 Lap",-1,3.84500226085464,69.4988087832317,2.24456291089888,2.24475918547045
"mick_schumacher","haas",17,"16","16","+2 Laps",0,3.37095215686815,53.85302058658,1.73925992063444,1.7391427734006
"mazepin","haas",17,"17","17","+2 Laps",0,2.9553476624922,46.8816442037659,1.51410940164372,1.51399025835571
"alonso","alpine",17,"19","18","Rear wing",1,2.59098302193428,140.052570303746,4.52319702140984,4.5430368094792
"ocon","alpine",17,"11","19","Mechanical",-8,2.27154087661232,127.893915064434,4.13051595141214,4.14865075225205
"gasly","alphatauri",17,"8","20","Suspension",-12,1.99148273471456,153.09572643543,4.94444430617344,4.96838513851465
"max_verstappen","red_bull",18,"3","1","Finished",2,24.2612263885053,340.342398733789,10.3796512494297,10.3761460621646
"hamilton","mercedes",18,"2","2","Finished",0,21.2700612052228,337.342807582496,10.2881706987927,10.2865328098841
"perez","red_bull",18,"4","3","Finished",1,18.6476766025428,236.694796482674,7.21864054900365,7.2150293716622
"gasly","alphatauri",18,"5","4","Finished",1,16.3486056442394,169.444332079669,5.16765786373623,5.1636724092318
"leclerc","ferrari",18,"8","5","Finished",3,14.3329870099961,215.291242243515,6.56588194670415,6.56430590729464
"sainz","ferrari",18,"6","6","+1 Lap",0,12.5658738793486,219.960321773094,6.70827800829736,6.70809186939886
"vettel","aston_martin",18,"9","7","+1 Lap",2,11.0166280232844,126.46855507279,3.85699666147568,3.85442322610224
"raikkonen","alfa",18,"10","8","+1 Lap",2,9.65838859825537,90.3338555063125,2.75497240326293,2.75197993063614
"alonso","alpine",18,"12","9","+1 Lap",3,8.46760643254417,148.52017673629,4.52951981228809,4.52979015223191
"norris","mclaren",18,"18","10","+1 Lap",8,7.42363573043798,231.670274367061,7.06540431558359,7.06899324513763
"giovinazzi","alfa",18,"11","11","+1 Lap",0,6.5083761151706,92.9420538297507,2.83451638334697,2.833636243323
"ricciardo","mclaren",18,"7","12","+1 Lap",-5,5.70595880436931,196.724115039584,5.99962776915354,6.00297894167912
"ocon","alpine",18,"19","13","+1 Lap",6,5.00247147691252,132.896386541347,4.05303056492689,4.05494296867339
"stroll","aston_martin",18,"20","14","+2 Laps",6,4.3857170609365,117.702200235531,3.58964323657762,3.59105763890633
"bottas","mercedes",18,"1","15","+2 Laps",-14,3.84500226085464,242.80288627012,7.40492307515896,7.41119235365019
"russell","williams",18,"16","16","+2 Laps",0,3.37095215686815,103.323537586916,3.15112748220473,3.15268850506911
"latifi","williams",18,"13","17","+2 Laps",-4,2.9553476624922,72.4541564457239,2.20968318456988,2.21038470458789
"mazepin","haas",18,"15","18","+3 Laps",-3,2.59098302193428,49.4726272257002,1.50880001700131,1.50931904113675
"mick_schumacher","haas",18,"14","19","Collision",-5,2.27154087661232,56.1245614631923,1.71166853346057,1.71441595745457
"tsunoda","alphatauri",18,"17","20","Collision",-3,1.99148273471456,98.4273857970106,3.00180624502548,3.01289008073101
"hamilton","mercedes",19,"10","1","Finished",9,24.2612263885053,361.604033971001,10.4462761963975,10.4430813286673
"max_verstappen","red_bull",19,"2","2","Finished",0,21.2700612052228,361.612459939012,10.4465196117934,10.4451121408008
"bottas","mercedes",19,"1","3","Finished",-2,18.6476766025428,261.450562872663,7.55297102601034,7.55013545256313
"perez","red_bull",19,"4","4","Finished",0,16.3486056442394,253.043402126914,7.31009894791663,7.30819755639154
"leclerc","ferrari",19,"6","5","Finished",1,14.3329870099961,229.624229253511,6.63354911676524,6.63216425257583
"sainz","ferrari",19,"3","6","Finished",-3,12.5658738793486,232.526195652442,6.71738319954078,6.71719737293794
"gasly","alphatauri",19,"7","7","+1 Lap",0,11.0166280232844,180.460960102954,5.21328540282187,5.21229314295007
"ocon","alpine",19,"8","8","+1 Lap",0,9.65838859825537,142.554775139602,4.11822439553606,4.11695876699881
"alonso","alpine",19,"12","9","+1 Lap",3,8.46760643254417,156.987783168834,4.53517546370437,4.53506775747492
"norris","mclaren",19,"5","10","+1 Lap",-5,7.42363573043798,239.093910097499,6.90711603608773,6.91035358026873
"vettel","aston_martin",19,"9","11","+1 Lap",-2,6.5083761151706,132.97693118796,3.84153278292847,3.84179059179195
"raikkonen","alfa",19,"0","12","+1 Lap",-12,5.70595880436931,96.0398143106818,2.77446690824409,2.77401716869193
"russell","williams",19,"17","13","+1 Lap",4,5.00247147691252,108.326009063828,3.12939929764433,3.12986508179283
"giovinazzi","alfa",19,"13","14","+1 Lap",-1,4.3857170609365,97.3277708906872,2.81167431994233,2.81211355840994
"tsunoda","alphatauri",19,"15","15","+1 Lap",0,3.84500226085464,102.272388057865,2.95451796039224,2.95568540279901
"latifi","williams",19,"16","16","+1 Lap",0,3.37095215686815,75.825108602592,2.19049001856001,2.19088791228057
"mazepin","haas",19,"19","17","+2 Laps",2,2.9553476624922,52.4279748881924,1.51457687041116,1.51447171382568
"mick_schumacher","haas",19,"18","18","+2 Laps",0,2.59098302193428,58.7155444851266,1.69621668203703,1.69658066754538
"ricciardo","mclaren",19,"11","19","Power loss",-8,2.27154087661232,198.995655916196,5.74872896398766,5.77415396175681
"stroll","aston_martin",19,"14","20","Collision damage",-6,1.99148273471456,119.693682970245,3.45779679927878,3.47112288324153
"hamilton","mercedes",20,"1","1","Finished",0,24.2612263885053,385.865260359507,10.5885354346426,10.5856263525231
"max_verstappen","red_bull",20,"7","2","Finished",5,21.2700612052228,382.882521144235,10.5066860350782,10.5054545571926
"alonso","alpine",20,"3","3","Finished",0,18.6476766025428,175.635459771377,4.81961575819571,4.8139247981813
"perez","red_bull",20,"11","4","Finished",7,16.3486056442394,269.392007771153,7.39239085020703,7.39070698433072
"ocon","alpine",20,"9","5","Finished",4,14.3329870099961,156.887762149598,4.30515985615048,4.30139583436745
"stroll","aston_martin",20,"12","6","Finished",6,12.5658738793486,132.259556849594,3.62933683889366,3.62617255978061
"sainz","ferrari",20,"5","7","Finished",-2,11.0166280232844,243.542823675727,6.68306293222857,6.68374562104276
"leclerc","ferrari",20,"13","8","Finished",5,9.65838859825537,239.282617851767,6.56615854885951,6.56747866293384
"norris","mclaren",20,"4","9","+1 Lap",-5,8.46760643254417,247.561516530043,6.79333995392581,6.79568022645267
"vettel","aston_martin",20,"10","10","+1 Lap",0,7.42363573043798,140.400566918398,3.85273444018849,3.85251556322056
"gasly","alphatauri",20,"2","11","+1 Lap",-9,6.5083761151706,186.969336218124,5.13062886224253,5.13226214785668
"ricciardo","mclaren",20,"14","12","+1 Lap",2,5.70595880436931,204.701614720566,5.61722063027348,5.62035929690314
"tsunoda","alphatauri",20,"8","13","+1 Lap",-5,5.00247147691252,107.274859534778,2.94373131795283,2.94397039964975
"raikkonen","alfa",20,"16","14","+1 Lap",2,4.3857170609365,100.425531371618,2.75577878267785,2.75614355039813
"giovinazzi","alfa",20,"18","15","+1 Lap",3,3.84500226085464,101.172773151542,2.77628385757781,2.77700045159445
"mick_schumacher","haas",20,"19","16","+1 Lap",3,3.37095215686815,62.0864966419948,1.70371665252809,1.70357393282844
"russell","williams",20,"15","17","+2 Laps",-2,2.9553476624922,111.28135672632,3.05367367825217,3.05519750632298
"mazepin","haas",20,"20","18","+2 Laps",2,2.59098302193428,55.0189579101267,1.50977619717751,1.50987010751047
"latifi","williams",20,"17","19","Puncture",-2,2.27154087661232,78.0966494792044,2.14305153971875,2.14783517697493
"bottas","mercedes",20,"6","20","Damage",-14,1.99148273471456,263.442045607377,7.22911783322896,7.26121959516238
"hamilton","mercedes",21,"1","1","Finished",0,24.2612263885053,410.126486748012,10.7172170337635,10.7145852201387
"max_verstappen","red_bull",21,"3","2","Finished",1,21.2700612052228,404.152582349458,10.5611099983805,10.5599968895568
"bottas","mercedes",21,"2","3","Finished",-1,18.6476766025428,282.08972220992,7.37142533731374,7.36922122247071
"ocon","alpine",21,"9","4","Finished",5,16.3486056442394,173.236367793838,4.5269247702311,4.52241419151383
"ricciardo","mclaren",21,"11","5","Finished",6,14.3329870099961,219.034601730562,5.72370095690182,5.72163412370185
"gasly","alphatauri",21,"6","6","Finished",0,12.5658738793486,199.535210097473,5.21415275918552,5.21251494695894
"leclerc","ferrari",21,"4","7","Finished",-3,11.0166280232844,250.299245875051,6.54069275725278,6.5412284753664
"sainz","ferrari",21,"15","8","Finished",7,9.65838859825537,253.201212273982,6.61652546917694,6.61786987221426
"giovinazzi","alfa",21,"10","9","Finished",1,8.46760643254417,109.640379584086,2.86506670901463,2.86330538386623
"norris","mclaren",21,"7","10","Finished",-3,7.42363573043798,254.985152260481,6.66314248277711,6.66579323765063
"stroll","aston_martin",21,"18","11","Finished",7,6.5083761151706,138.767932964764,3.62621313903065,3.62621232744565
"latifi","williams",21,"16","12","Finished",4,5.70595880436931,83.8026082835737,2.18988719331934,2.18904615299245
"alonso","alpine",21,"13","13","+1 Lap",0,5.00247147691252,180.637931248289,4.72033866690359,4.72221038952914
"tsunoda","alphatauri",21,"8","14","+1 Lap",-6,4.3857170609365,111.660576595714,2.91785747119206,2.91837972976122
"raikkonen","alfa",21,"12","15","+1 Lap",-3,3.84500226085464,104.270533632473,2.72474462214422,2.72537260070929
"vettel","aston_martin",21,"17","16","Collision damage",1,3.37095215686815,143.771519075267,3.75696430976965,3.76651943511474
"perez","red_bull",21,"5","17","Collision",-12,2.9553476624922,272.347355433645,7.11684275721324,7.14422917992499
"mazepin","haas",21,"20","18","Collision",2,2.59098302193428,57.609940932061,1.50543371428372,1.50587735360639
"russell","williams",21,"14","19","Collision",-5,2.27154087661232,113.552897602933,2.96730664257506,2.97609572894986
"mick_schumacher","haas",21,"19","20","Accident",-1,1.99148273471456,64.0779793767093,1.67445320957082,1.67736528189658
"max_verstappen","red_bull",22,"1","1","Finished",0,24.2612263885053,428.413808737963,10.6851795963166,10.6826759421814
"hamilton","mercedes",22,"2","2","Finished",0,21.2700612052228,431.396547953235,10.7595728664543,10.758673113528
"sainz","ferrari",22,"5","3","Finished",2,18.6476766025428,271.848888876525,6.78025344062021,6.77700576925209
"tsunoda","alphatauri",22,"8","4","Finished",4,16.3486056442394,128.009182239954,3.19271011884711,3.18722351106539
"gasly","alphatauri",22,"12","5","Finished",7,14.3329870099961,213.868197107469,5.33414201275544,5.33170947143951
"bottas","mercedes",22,"6","6","Finished",0,12.5658738793486,294.655596089269,7.34908142328178,7.34948421926556
"norris","mclaren",22,"3","7","Finished",-4,11.0166280232844,266.001780283766,6.63441919308079,6.63504667397219
"alonso","alpine",22,"11","8","Finished",3,9.65838859825537,190.296319846545,4.74622972604071,4.74574933931048
"ocon","alpine",22,"9","9","Finished",0,8.46760643254417,181.703974226382,4.53192581185194,4.53173557944518
"leclerc","ferrari",22,"7","10","Finished",-3,7.42363573043798,257.722881605489,6.42793304013048,6.43019894883519
"vettel","aston_martin",22,"15","11","Finished",4,6.5083761151706,150.279895190437,3.74816972999956,3.74853672410187
"ricciardo","mclaren",22,"10","12","+1 Lap",-2,5.70595880436931,224.740560534931,5.60531244071407,5.60763887437382
"stroll","aston_martin",22,"13","13","+1 Lap",0,5.00247147691252,143.770404441677,3.58581483780792,3.58662278760067
"mick_schumacher","haas",22,"19","14","+1 Lap",5,4.3857170609365,68.4636964376458,1.70757075832584,1.70696664879726
"perez","red_bull",22,"4","15","Engine",-11,3.84500226085464,276.1923576945,6.88858501967874,6.91414943570337
"latifi","williams",22,"16","16","Accident",0,3.37095215686815,87.1735604404418,2.17421831499882,2.17570109879818
"giovinazzi","alfa",22,"14","17","Gearbox",-3,2.9553476624922,112.595727246578,2.80827915176618,2.81378177497619
"russell","williams",22,"17","18","Gearbox",-1,2.59098302193428,116.143880624867,2.89677456276607,2.90470667938445
"raikkonen","alfa",22,"18","19","Brakes",-1,2.27154087661232,106.542074509085,2.65729343329834,2.66410135003944
"mazepin","haas",22,"20","20","Illness",0,1.99148273471456,59.6014236667755,1.48653452126511,1.48846880449924
